date,nav,accum_nav,daily_return
2024-02-29 21:41:07.889776,1.0,1.0,0.0
2024-03-01 21:41:07.889776,1.045962320898024,1.045962320898024,0.04596232089802399
2024-03-02 21:41:07.889776,1.0532198842459186,1.0532198842459186,0.006938647026657282
2024-03-03 21:41:07.889776,1.0847808687286586,1.0847808687286586,0.029966187455088708
2024-03-04 21:41:07.889776,1.0818650642781515,1.0818650642781515,-0.0026879202376829912
2024-03-05 21:41:07.889776,1.0809979646389498,1.0809979646389498,-0.000801485941114367
2024-03-06 21:41:07.889776,1.0997366222399096,1.0997366222399096,0.017334591011203694
2024-03-07 21:41:07.889776,1.1205087421541078,1.1205087421541078,0.018888267876257612
2024-03-08 21:41:07.889776,1.1185365718518154,1.1185365718518154,-0.0017600668590063648
2024-03-09 21:41:07.889776,1.0610867826539676,1.0610867826539676,-0.051361565319885505
2024-03-10 21:41:07.889776,1.0579663079903254,1.0579663079903254,-0.002940828888507419
2024-03-11 21:41:07.889776,1.0746995269676316,1.0746995269676316,0.0158164006272487
2024-03-12 21:41:07.889776,1.0760515239987,1.0760515239987,0.0012580232866420485
2024-03-13 21:41:07.889776,1.0876522336669792,1.0876522336669792,0.010780812451405533
2024-03-14 21:41:07.889776,1.0949379545532758,1.0949379545532758,0.006698575758662404
2024-03-15 21:41:07.889776,1.0611929429245188,1.0611929429245188,-0.030819108506038247
2024-03-16 21:41:07.889776,1.0826039631594042,1.0826039631594042,0.020176368847571884
2024-03-17 21:41:07.889776,1.0696082767952109,1.0696082767952109,-0.012004100120109983
2024-03-18 21:41:07.889776,1.0586197070320285,1.0586197070320285,-0.010273452441960021
2024-03-19 21:41:07.889776,1.0731918469818398,1.0731918469818398,0.013765226410403907
2024-03-20 21:41:07.889776,1.05674190554721,1.05674190554721,-0.015328052930044394
2024-03-21 21:41:07.889776,1.0636417489877699,1.0636417489877699,0.0065293553746095636
2024-03-22 21:41:07.889776,1.0444392311622617,1.0444392311622617,-0.018053557829769796
2024-03-23 21:41:07.889776,1.0409419917896614,1.0409419917896614,-0.0033484373894194963
2024-03-24 21:41:07.889776,1.033201129960675,1.033201129960675,-0.007436400769727657
2024-03-25 21:41:07.889776,1.0235097833872298,1.0235097833872298,-0.009379922545975182
2024-03-26 21:41:07.889776,1.0059302872461386,1.0059302872461386,-0.017175699173986467
2024-03-27 21:41:07.889776,1.0057260162148152,1.0057260162148152,-0.00020306678694673289
2024-03-28 21:41:07.889776,1.0092077603642322,1.0092077603642322,0.003461921132875785
2024-03-29 21:41:07.889776,1.0305693662559545,1.0305693662559545,0.02116670791751811
2024-03-30 21:41:07.889776,1.0183825967872044,1.0183825967872044,-0.01182527820812728
2024-03-31 21:41:07.889776,1.0203798513937796,1.0203798513937796,0.0019612026097815555
2024-04-01 21:41:07.889776,1.0707514293081484,1.0707514293081484,0.049365516033626204
2024-04-02 21:41:07.889776,1.080846133458962,1.080846133458962,0.009427682162737119
2024-04-03 21:41:07.889776,1.0932004019891965,1.0932004019891965,0.011430182472594782
2024-04-04 21:41:07.889776,1.1045114063616657,1.1045114063616657,0.010346688815598245
2024-04-05 21:41:07.889776,1.063999852898776,1.063999852898776,-0.03667825721812821
2024-04-06 21:41:07.889776,1.0591618113895374,1.0591618113895374,-0.0045470321222862795
2024-04-07 21:41:07.889776,1.0101736837951993,1.0101736837951993,-0.04625178803422815
2024-04-08 21:41:07.889776,1.030148360926888,1.030148360926888,0.019773507716657448
2024-04-09 21:41:07.889776,1.0695343767655758,1.0695343767655758,0.03823334320820528
2024-04-10 21:41:07.889776,1.0579796196058056,1.0579796196058056,-0.010803539755976343
2024-04-11 21:41:07.889776,1.099906125846156,1.099906125846156,0.03962884110751765
2024-04-12 21:41:07.889776,1.0736838320218847,1.0736838320218847,-0.023840483481350337
2024-04-13 21:41:07.889776,1.0464282164311889,1.0464282164311889,-0.025385141116794088
2024-04-14 21:41:07.889776,1.0600317768154583,1.0600317768154583,0.012999993855922565
2024-04-15 21:41:07.889776,1.0418954286143705,1.0418954286143705,-0.01710924955058707
2024-04-16 21:41:07.889776,1.031391557896863,1.031391557896863,-0.010081501875362468
2024-04-17 21:41:07.889776,1.0569123578404547,1.0569123578404547,0.024744045797341692
2024-04-18 21:41:07.889776,1.0351468737113731,1.0351468737113731,-0.02059346166938008
2024-04-19 21:41:07.889776,1.0296033238831768,1.0296033238831768,-0.005355326832337101
2024-04-20 21:41:07.889776,1.0278274348981316,1.0278274348981316,-0.0017248283332530455
2024-04-21 21:41:07.889776,1.0372671038461432,1.0372671038461432,0.009184099030152076
2024-04-22 21:41:07.889776,1.054865866465838,1.054865866465838,0.016966471369273404
2024-04-23 21:41:07.889776,1.0533697601823087,1.0533697601823087,-0.0014182905439359048
2024-04-24 21:41:07.889776,1.0264991083243427,1.0264991083243427,-0.025509230351662502
2024-04-25 21:41:07.889776,1.0501959202954483,1.0501959202954483,0.0230850779888044
2024-04-26 21:41:07.889776,1.1175388529717232,1.1175388529717232,0.06412416138250615
2024-04-27 21:41:07.889776,1.1386771024326867,1.1386771024326867,0.01891500184065493
2024-04-28 21:41:07.889776,1.1537115305307597,1.1537115305307597,0.013203416548864649
2024-04-29 21:41:07.889776,1.1451828615708914,1.1451828615708914,-0.007392375593182017
2024-04-30 21:41:07.889776,1.1398316473172108,1.1398316473172108,-0.004672803299151905
2024-05-01 21:41:07.889776,1.105982844825635,1.105982844825635,-0.02969631749675024
2024-05-02 21:41:07.889776,1.1219732814876109,1.1219732814876109,0.014458123592773132
2024-05-03 21:41:07.889776,1.1196071309618505,1.1196071309618505,-0.0021089187815802
2024-05-04 21:41:07.889776,1.152315149200226,1.152315149200226,0.02921383522296441
2024-05-05 21:41:07.889776,1.1270420271740047,1.1270420271740047,-0.0219324739796767
2024-05-06 21:41:07.889776,1.1618655212045137,1.1618655212045137,0.03089813262583204
2024-05-07 21:41:07.889776,1.1549700215850953,1.1549700215850953,-0.005934851747962851
2024-05-08 21:41:07.889776,1.1404646742230509,1.1404646742230509,-0.012559068279657278
2024-05-09 21:41:07.889776,1.129354769555936,1.129354769555936,-0.009741559662673031
2024-05-10 21:41:07.889776,1.1152269141719051,1.1152269141719051,-0.01250966991496041
2024-05-11 21:41:07.889776,1.064981193865539,1.064981193865539,-0.045054257270750506
2024-05-12 21:41:07.889776,1.0809083020688468,1.0809083020688468,0.014955295262536625
2024-05-13 21:41:07.889776,1.1002845928696423,1.1002845928696423,0.01792593392400585
2024-05-14 21:41:07.889776,1.1322156800226115,1.1322156800226115,0.029020752776052275
2024-05-15 21:41:07.889776,1.1507944566712762,1.1507944566712762,0.01640922041310509
2024-05-16 21:41:07.889776,1.1684309745660582,1.1684309745660582,0.015325515162626296
2024-05-17 21:41:07.889776,1.126329807149315,1.126329807149315,-0.036032224695497286
2024-05-18 21:41:07.889776,1.1318758401996856,1.1318758401996856,0.004923986753406825
2024-05-19 21:41:07.889776,1.1046715794310156,1.1046715794310156,-0.024034668646934473
2024-05-20 21:41:07.889776,1.0988797964163832,1.0988797964163832,-0.00524299087844328
2024-05-21 21:41:07.889776,1.1336297905353372,1.1336297905353372,0.031623107670446814
2024-05-22 21:41:07.889776,1.1354513230331038,1.1354513230331038,0.0016068142465684788
2024-05-23 21:41:07.889776,1.071182402180039,1.071182402180039,-0.05660209253302456
2024-05-24 21:41:07.889776,1.048542036305334,1.048542036305334,-0.02113586428289707
2024-05-25 21:41:07.889776,1.0363935670995204,1.0363935670995204,-0.011586058341180292
2024-05-26 21:41:07.889776,1.0321806151892694,1.0321806151892694,-0.004065011636497739
2024-05-27 21:41:07.889776,1.0544098745025876,1.0544098745025876,0.021536210800899472
2024-05-28 21:41:07.889776,1.0747695810251066,1.0747695810251066,0.01930910077271757
2024-05-29 21:41:07.889776,1.0949400183707214,1.0949400183707214,0.01876722015743733
2024-05-30 21:41:07.889776,1.1015214307909305,1.1015214307909305,0.006010751556968601
2024-05-31 21:41:07.889776,1.095361298337693,1.095361298337693,-0.005592385477978621
2024-06-01 21:41:07.889776,1.087631374356256,1.087631374356256,-0.007056962842459245
2024-06-02 21:41:07.889776,1.0989496009770856,1.0989496009770856,0.010406307585167442
2024-06-03 21:41:07.889776,1.1225184120400526,1.1225184120400526,0.021446671477938398
2024-06-04 21:41:07.889776,1.1618708505309456,1.1618708505309456,0.03505727662798358
2024-06-05 21:41:07.889776,1.1653085196743498,1.1653085196743498,0.0029587360263261843
2024-06-06 21:41:07.889776,1.1739141129161432,1.1739141129161432,0.007384819639178738
2024-06-07 21:41:07.889776,1.213331448490427,1.213331448490427,0.03357769971464637
2024-06-08 21:41:07.889776,1.1854081566078665,1.1854081566078665,-0.023013737851517328
2024-06-09 21:41:07.889776,1.2078867806359543,1.2078867806359543,0.018962771516953386
2024-06-10 21:41:07.889776,1.1880311788342135,1.1880311788342135,-0.016438297131861013
2024-06-11 21:41:07.889776,1.2307525175698415,1.2307525175698415,0.035959779083870026
2024-06-12 21:41:07.889776,1.269921337166106,1.269921337166106,0.031825098090073
2024-06-13 21:41:07.889776,1.3170088369382724,1.3170088369382724,0.03707906812341981
2024-06-14 21:41:07.889776,1.3628522802917342,1.3628522802917342,0.03480875911207759
2024-06-15 21:41:07.889776,1.3892726192779958,1.3892726192779958,0.019386062134779596
2024-06-16 21:41:07.889776,1.3592416394307076,1.3592416394307076,-0.02161633320240291
2024-06-17 21:41:07.889776,1.375247697688803,1.375247697688803,0.011775726841916979
2024-06-18 21:41:07.889776,1.4035720097390478,1.4035720097390478,0.020595789469668408
2024-06-19 21:41:07.889776,1.4195591111293955,1.4195591111293955,0.011390296528725996
2024-06-20 21:41:07.889776,1.4172419715609614,1.4172419715609614,-0.0016322952318558533
2024-06-21 21:41:07.889776,1.423389808926143,1.423389808926143,0.0043378882989263045
2024-06-22 21:41:07.889776,1.4367867321619903,1.4367867321619903,0.009411984792805575
2024-06-23 21:41:07.889776,1.4056178450466215,1.4056178450466215,-0.02169346808239782
2024-06-24 21:41:07.889776,1.427859308343977,1.427859308343977,0.015823264748476385
2024-06-25 21:41:07.889776,1.4465481295260856,1.4465481295260856,0.013088699336760119
2024-06-26 21:41:07.889776,1.4436281209427937,1.4436281209427937,-0.0020186045135245755
2024-06-27 21:41:07.889776,1.466107266772972,1.466107266772972,0.015571285640721506
2024-06-28 21:41:07.889776,1.5049240348516189,1.5049240348516189,0.026476076449771582
2024-06-29 21:41:07.889776,1.4725796993316955,1.4725796993316955,-0.021492337666806142
2024-06-30 21:41:07.889776,1.5215095933892286,1.5215095933892286,0.033227331654605244
2024-07-01 21:41:07.889776,1.5568541534983762,1.5568541534983762,0.02322992918527448
2024-07-02 21:41:07.889776,1.592667214433294,1.592667214433294,0.023003478427599047
2024-07-03 21:41:07.889776,1.6289935629021988,1.6289935629021988,0.022808498937946942
2024-07-04 21:41:07.889776,1.6560064373668766,1.6560064373668766,0.016582554455618563
2024-07-05 21:41:07.889776,1.6574597464090874,1.6574597464090874,0.0008775986671414667
2024-07-06 21:41:07.889776,1.6321483598749686,1.6321483598749686,-0.015271192310375147
2024-07-07 21:41:07.889776,1.6519509830767887,1.6519509830767887,0.01213285733616582
2024-07-08 21:41:07.889776,1.6581971690391621,1.6581971690391621,0.003781096428623953
2024-07-09 21:41:07.889776,1.6343102127217144,1.6343102127217144,-0.014405377577196675
2024-07-10 21:41:07.889776,1.6989710678810586,1.6989710678810586,0.03956461549099701
2024-07-11 21:41:07.889776,1.7318328419607787,1.7318328419607787,0.01934216226572065
2024-07-12 21:41:07.889776,1.721456844018314,1.721456844018314,-0.005991339170307567
2024-07-13 21:41:07.889776,1.663286303070362,1.663286303070362,-0.03379146050049523
2024-07-14 21:41:07.889776,1.6340223608293576,1.6340223608293576,-0.017594049916111416
2024-07-15 21:41:07.889776,1.6529609098644333,1.6529609098644333,0.011590140679264251
2024-07-16 21:41:07.889776,1.644974847646743,1.644974847646743,-0.004831367862380577
2024-07-17 21:41:07.889776,1.5986715614951257,1.5986715614951257,-0.028148324710166553
2024-07-18 21:41:07.889776,1.609391004818783,1.609391004818783,0.006705219246930318
2024-07-19 21:41:07.889776,1.6051079488767908,1.6051079488767908,-0.0026612898476305684
2024-07-20 21:41:07.889776,1.5922201833738612,1.5922201833738612,-0.008029220409722647
2024-07-21 21:41:07.889776,1.5499272488289222,1.5499272488289222,-0.026562239938022692
2024-07-22 21:41:07.889776,1.562614472168322,1.562614472168322,0.008185689585743998
2024-07-23 21:41:07.889776,1.5270247865808129,1.5270247865808129,-0.022775730176186046
2024-07-24 21:41:07.889776,1.5211293017196785,1.5211293017196785,-0.0038607656620525573
2024-07-25 21:41:07.889776,1.5612068399235122,1.5612068399235122,0.026347226470836423
2024-07-26 21:41:07.889776,1.6052180022089135,1.6052180022089135,0.02819047493255768
2024-07-27 21:41:07.889776,1.6019935058777128,1.6019935058777128,-0.0020087591384868124
2024-07-28 21:41:07.889776,1.494753079337438,1.494753079337438,-0.06694186096685775
2024-07-29 21:41:07.889776,1.520788873894835,1.520788873894835,0.017418124048245887
2024-07-30 21:41:07.889776,1.4909262153828287,1.4909262153828287,-0.01963629470508039
2024-07-31 21:41:07.889776,1.4464117222341093,1.4464117222341093,-0.02985693905535712
2024-08-01 21:41:07.889776,1.4711057432692065,1.4711057432692065,0.01707260848035381
2024-08-02 21:41:07.889776,1.41240260486901,1.41240260486901,-0.03990409164588119
2024-08-03 21:41:07.889776,1.4356542358774438,1.4356542358774438,0.016462466812421576
2024-08-04 21:41:07.889776,1.4653676475320725,1.4653676475320725,0.02069677427341581
2024-08-05 21:41:07.889776,1.482717907039076,1.482717907039076,0.011840209203624904
2024-08-06 21:41:07.889776,1.4907082994847247,1.4907082994847247,0.005389017295680525
2024-08-07 21:41:07.889776,1.4881855092555376,1.4881855092555376,-0.0016923433176424477
2024-08-08 21:41:07.889776,1.473494976252532,1.473494976252532,-0.00987143935459667
2024-08-09 21:41:07.889776,1.4395539635336505,1.4395539635336505,-0.02303435930620003
2024-08-10 21:41:07.889776,1.515669684022788,1.515669684022788,0.052874516980452285
2024-08-11 21:41:07.889776,1.5020001836232324,1.5020001836232324,-0.009018785915988528
2024-08-12 21:41:07.889776,1.4726258806864283,1.4726258806864283,-0.01955679050980227
2024-08-13 21:41:07.889776,1.4707181659355693,1.4707181659355693,-0.0012954510550702886
2024-08-14 21:41:07.889776,1.4905132929652736,1.4905132929652736,0.013459497195448067
2024-08-15 21:41:07.889776,1.525102697006049,1.525102697006049,0.023206370720761735
2024-08-16 21:41:07.889776,1.518589945866455,1.518589945866455,-0.0042703689085196875
2024-08-17 21:41:07.889776,1.513360478746026,1.513360478746026,-0.0034436334407871895
2024-08-18 21:41:07.889776,1.487805614044649,1.487805614044649,-0.016886171576617252
2024-08-19 21:41:07.889776,1.4805179779876132,1.4805179779876132,-0.004898244762784616
2024-08-20 21:41:07.889776,1.5097863659535204,1.5097863659535204,0.019769018952198177
2024-08-21 21:41:07.889776,1.508823424954649,1.508823424954649,-0.0006377995063316411
2024-08-22 21:41:07.889776,1.4977332169536863,1.4977332169536863,-0.007350235831138465
2024-08-23 21:41:07.889776,1.504449416188426,1.504449416188426,0.00448424269336843
2024-08-24 21:41:07.889776,1.4796589484450509,1.4796589484450509,-0.016478099879345048
2024-08-25 21:41:07.889776,1.4104951789925944,1.4104951789925944,-0.04674304813628814
2024-08-26 21:41:07.889776,1.3964003054281602,1.3964003054281602,-0.009992854831663468
2024-08-27 21:41:07.889776,1.3055706423766404,1.3055706423766404,-0.06504557661470134
2024-08-28 21:41:07.889776,1.2988956311386346,1.2988956311386346,-0.0051127154834416004
2024-08-29 21:41:07.889776,1.3115672853831453,1.3115672853831453,0.009755713962485556
2024-08-30 21:41:07.889776,1.3409785415672655,1.3409785415672655,0.022424511888864605
2024-08-31 21:41:07.889776,1.3575428666139546,1.3575428666139546,0.012352416189545903
2024-09-01 21:41:07.889776,1.359565113535527,1.359565113535527,0.0014896376175702274
2024-09-02 21:41:07.889776,1.3298222885449849,1.3298222885449849,-0.021876719764599067
2024-09-03 21:41:07.889776,1.2985856327021894,1.2985856327021894,-0.02348934599146537
2024-09-04 21:41:07.889776,1.2934704501817391,1.2934704501817391,-0.003939041362875896
2024-09-05 21:41:07.889776,1.2697314417014944,1.2697314417014944,-0.018352957716899702
2024-09-06 21:41:07.889776,1.2437102548293353,1.2437102548293353,-0.020493457133966574
2024-09-07 21:41:07.889776,1.2457663600754967,1.2457663600754967,0.0016532027762716668
2024-09-08 21:41:07.889776,1.2232549576161103,1.2232549576161103,-0.018070324565532644
2024-09-09 21:41:07.889776,1.1751744252296006,1.1751744252296006,-0.03930540570234796
2024-09-10 21:41:07.889776,1.1703059350453229,1.1703059350453229,-0.004142780918097773
2024-09-11 21:41:07.889776,1.146624576354641,1.146624576354641,-0.020235186357287653
2024-09-12 21:41:07.889776,1.160430341357327,1.160430341357327,0.01204035330079645
2024-09-13 21:41:07.889776,1.1942199705290066,1.1942199705290066,0.02911818828535353
2024-09-14 21:41:07.889776,1.2149603323518217,1.2149603323518217,0.017367287714697664
2024-09-15 21:41:07.889776,1.2274085570877924,1.2274085570877924,0.010245786964809355
2024-09-16 21:41:07.889776,1.2650710945923214,1.2650710945923214,0.030684597469231342
2024-09-17 21:41:07.889776,1.238579694204021,1.238579694204021,-0.020940641598358064
2024-09-18 21:41:07.889776,1.223655651608963,1.223655651608963,-0.012049319607689103
2024-09-19 21:41:07.889776,1.2294216348517235,1.2294216348517235,0.004712096279029951
2024-09-20 21:41:07.889776,1.2194914054138317,1.2194914054138317,-0.008077155270729755
2024-09-21 21:41:07.889776,1.2241478631616083,1.2241478631616083,0.0038183604469081167
2024-09-22 21:41:07.889776,1.214725481082767,1.214725481082767,-0.007697094740259624
2024-09-23 21:41:07.889776,1.208468186530077,1.208468186530077,-0.005151200538834852
2024-09-24 21:41:07.889776,1.1978504279630298,1.1978504279630298,-0.008786129982895512
2024-09-25 21:41:07.889776,1.2181901178751182,1.2181901178751182,0.016980158321332765
2024-09-26 21:41:07.889776,1.2139427670433571,1.2139427670433571,-0.0034866075249155005
2024-09-27 21:41:07.889776,1.1796803716879467,1.1796803716879467,-0.028224061533690666
2024-09-28 21:41:07.889776,1.1772298500271927,1.1772298500271927,-0.0020772759465749685
2024-09-29 21:41:07.889776,1.162167431165465,1.162167431165465,-0.012794798620999739
2024-09-30 21:41:07.889776,1.1997779811632856,1.1997779811632856,0.03236241955266572
2024-10-01 21:41:07.889776,1.2100541174269275,1.2100541174269275,0.008565031551652832
2024-10-02 21:41:07.889776,1.2445972219648418,1.2445972219648418,0.028546743521989874
2024-10-03 21:41:07.889776,1.2483699049052195,1.2483699049052195,0.003031248080741952
2024-10-04 21:41:07.889776,1.2743931822618542,1.2743931822618542,0.020845806402718794
2024-10-05 21:41:07.889776,1.296580286203725,1.296580286203725,0.017409936156824152
2024-10-06 21:41:07.889776,1.3132499591133269,1.3132499591133269,0.012856645351603505
2024-10-07 21:41:07.889776,1.2637441250141876,1.2637441250141876,-0.03769719066472639
2024-10-08 21:41:07.889776,1.2700192342163072,1.2700192342163072,0.004965490306076913
2024-10-09 21:41:07.889776,1.308765827508334,1.308765827508334,0.030508666521051712
2024-10-10 21:41:07.889776,1.3098980364326844,1.3098980364326844,0.0008650966433819022
2024-10-11 21:41:07.889776,1.3443564939749588,1.3443564939749588,0.026306213601263922
2024-10-12 21:41:07.889776,1.3309086760137825,1.3309086760137825,-0.010003163611323192
2024-10-13 21:41:07.889776,1.3226719612696038,1.3226719612696038,-0.006188790329963514
2024-10-14 21:41:07.889776,1.3434477642441054,1.3434477642441054,0.015707449452968904
2024-10-15 21:41:07.889776,1.3024169747152223,1.3024169747152223,-0.03054141040754878
2024-10-16 21:41:07.889776,1.3510615983733758,1.3510615983733758,0.03734950066109955
2024-10-17 21:41:07.889776,1.3436235014266327,1.3436235014266327,-0.005505372187099615
2024-10-18 21:41:07.889776,1.383186002505548,1.383186002505548,0.029444633140837943
2024-10-19 21:41:07.889776,1.3657467497927647,1.3657467497927647,-0.012608031516508496
2024-10-20 21:41:07.889776,1.3890788129650105,1.3890788129650105,0.017083740580591637
2024-10-21 21:41:07.889776,1.3771258443780003,1.3771258443780003,-0.00860496069441612
2024-10-22 21:41:07.889776,1.3312568440701276,1.3312568440701276,-0.03330777684198513
2024-10-23 21:41:07.889776,1.3195740369696909,1.3195740369696909,-0.0087757724232374
2024-10-24 21:41:07.889776,1.3169859493814104,1.3169859493814104,-0.0019613053271522398
2024-10-25 21:41:07.889776,1.3315936559980772,1.3315936559980772,0.011091771042453433
2024-10-26 21:41:07.889776,1.309166274432814,1.309166274432814,-0.016842511575690115
2024-10-27 21:41:07.889776,1.3248285034255152,1.3248285034255152,0.011963513954319228
2024-10-28 21:41:07.889776,1.3179718596933896,1.3179718596933896,-0.005175495329695006
2024-10-29 21:41:07.889776,1.261285243434548,1.261285243434548,-0.04301049058211986
2024-10-30 21:41:07.889776,1.2892680381838784,1.2892680381838784,0.02218593684100484
2024-10-31 21:41:07.889776,1.3205202128469975,1.3205202128469975,0.02424024619980681
2024-11-01 21:41:07.889776,1.3108304986928927,1.3108304986928927,-0.007337800709020652
2024-11-02 21:41:07.889776,1.3061108148519762,1.3061108148519762,-0.003600529470150989
2024-11-03 21:41:07.889776,1.2917328759362907,1.2917328759362907,-0.011008207536597868
2024-11-04 21:41:07.889776,1.3032131486259477,1.3032131486259477,0.008887497487695148
2024-11-05 21:41:07.889776,1.2869786410724313,1.2869786410724313,-0.012457292631396007
2024-11-06 21:41:07.889776,1.3111905036856204,1.3111905036856204,0.018812948280954755
2024-11-07 21:41:07.889776,1.3076964982134822,1.3076964982134822,-0.0026647580670519635
2024-11-08 21:41:07.889776,1.2710232047832075,1.2710232047832075,-0.028044193343314868
2024-11-09 21:41:07.889776,1.290864011582583,1.290864011582583,0.015610105877460782
2024-11-10 21:41:07.889776,1.3048866700985633,1.3048866700985633,0.010863002136676495
2024-11-11 21:41:07.889776,1.252502767838689,1.252502767838689,-0.040144407526147424
2024-11-12 21:41:07.889776,1.2582597622000247,1.2582597622000247,0.004596392526357304
2024-11-13 21:41:07.889776,1.2744320425799096,1.2744320425799096,0.012852894820071377
2024-11-14 21:41:07.889776,1.2724568331441117,1.2724568331441117,-0.0015498742732482935
2024-11-15 21:41:07.889776,1.2596755336914753,1.2596755336914753,-0.010044583925927846
2024-11-16 21:41:07.889776,1.2943582523785815,1.2943582523785815,0.027533057330619535
2024-11-17 21:41:07.889776,1.2761782254840939,1.2761782254840939,-0.014045591211767705
2024-11-18 21:41:07.889776,1.325763598079573,1.325763598079573,0.03885458285159964
2024-11-19 21:41:07.889776,1.3053782087160664,1.3053782087160664,-0.015376338129237957
2024-11-20 21:41:07.889776,1.3330323966328077,1.3330323966328077,0.021184808917517655
2024-11-21 21:41:07.889776,1.3866226246941062,1.3866226246941062,0.04020174468127372
2024-11-22 21:41:07.889776,1.3481935321114198,1.3481935321114198,-0.0277141681509517
2024-11-23 21:41:07.889776,1.3630393880002032,1.3630393880002032,0.011011665265544741
2024-11-24 21:41:07.889776,1.342099308442094,1.342099308442094,-0.015362783894918559
2024-11-25 21:41:07.889776,1.366443039698849,1.366443039698849,0.01813854690456035
2024-11-26 21:41:07.889776,1.4102901144035147,1.4102901144035147,0.0320884760145796
2024-11-27 21:41:07.889776,1.4660680954842522,1.4660680954842522,0.03955071407724426
2024-11-28 21:41:07.889776,1.499912842881855,1.499912842881855,0.023085385666498343
2024-11-29 21:41:07.889776,1.4897223116331786,1.4897223116331786,-0.006794082267538123
2024-11-30 21:41:07.889776,1.5141332860318528,1.5141332860318528,0.01638625816908961
2024-12-01 21:41:07.889776,1.6026084218177443,1.6026084218177443,0.058432858323695984
2024-12-02 21:41:07.889776,1.6478469147193213,1.6478469147193213,0.028228038918119275
2024-12-03 21:41:07.889776,1.7296600506484145,1.7296600506484145,0.04964850508763947
2024-12-04 21:41:07.889776,1.774872876369131,1.774872876369131,0.02613971786176545
2024-12-05 21:41:07.889776,1.7298697553597437,1.7298697553597437,-0.025355686938802333
2024-12-06 21:41:07.889776,1.7210652673736426,1.7210652673736426,-0.005089682595364028
2024-12-07 21:41:07.889776,1.7496325458552284,1.7496325458552284,0.01659860263473893
2024-12-08 21:41:07.889776,1.715309078279291,1.715309078279291,-0.01961752921048913
2024-12-09 21:41:07.889776,1.7431703043895765,1.7431703043895765,0.016242685626216388
2024-12-10 21:41:07.889776,1.6711276627658687,1.6711276627658687,-0.04132851588986641
2024-12-11 21:41:07.889776,1.6702328430692217,1.6702328430692217,-0.0005354586107239379
2024-12-12 21:41:07.889776,1.693770603204639,1.693770603204639,0.014092502271817492
2024-12-13 21:41:07.889776,1.6264794164209881,1.6264794164209881,-0.03972863069906565
2024-12-14 21:41:07.889776,1.6481135750677083,1.6481135750677083,0.013301218833943411
2024-12-15 21:41:07.889776,1.6829466048696724,1.6829466048696724,0.021135090644789516
2024-12-16 21:41:07.889776,1.7196855304246823,1.7196855304246823,0.021830119534811367
2024-12-17 21:41:07.889776,1.6598749374254615,1.6598749374254615,-0.03477995944086959
2024-12-18 21:41:07.889776,1.6101078529920194,1.6101078529920194,-0.02998243018876654
2024-12-19 21:41:07.889776,1.6529574516358594,1.6529574516358594,0.026612874761286168
2024-12-20 21:41:07.889776,1.6970096357846642,1.6970096357846642,0.026650525157322313
2024-12-21 21:41:07.889776,1.6603221913724502,1.6603221913724502,-0.021618878077407318
2024-12-22 21:41:07.889776,1.6145208948740681,1.6145208948740681,-0.0275857883104736
2024-12-23 21:41:07.889776,1.6515994487877725,1.6515994487877725,0.022965669897134725
2024-12-24 21:41:07.889776,1.583367544459804,1.583367544459804,-0.04131262236618494
2024-12-25 21:41:07.889776,1.6091945410065926,1.6091945410065926,0.01631143485109133
2024-12-26 21:41:07.889776,1.55357328414122,1.55357328414122,-0.034564656695007266
2024-12-27 21:41:07.889776,1.5070992884375072,1.5070992884375072,-0.029914260355862497
2024-12-28 21:41:07.889776,1.5125811767571549,1.5125811767571549,0.0036373770206812738
2024-12-29 21:41:07.889776,1.5370670471216894,1.5370670471216894,0.0161881363729715
2024-12-30 21:41:07.889776,1.5628731092672317,1.5628731092672317,0.016789158413009164
2024-12-31 21:41:07.889776,1.5700180033413718,1.5700180033413718,0.004571640545719063
2025-01-01 21:41:07.889776,1.5421771962329518,1.5421771962329518,-0.01773279481456143
2025-01-02 21:41:07.889776,1.516752123068778,1.516752123068778,-0.016486479780844398
2025-01-03 21:41:07.889776,1.5264675091576299,1.5264675091576299,0.00640538815874225
2025-01-04 21:41:07.889776,1.5512604543078732,1.5512604543078732,0.016242039218984188
2025-01-05 21:41:07.889776,1.522392357109658,1.522392357109658,-0.018609445704651346
2025-01-06 21:41:07.889776,1.5007214309461039,1.5007214309461039,-0.014234783866556938
2025-01-07 21:41:07.889776,1.4822078259115454,1.4822078259115454,-0.012336470082183656
2025-01-08 21:41:07.889776,1.485117815767087,1.485117815767087,0.0019632805903935665
2025-01-09 21:41:07.889776,1.455428128522904,1.455428128522904,-0.019991469315751072
2025-01-10 21:41:07.889776,1.455980753794475,1.455980753794475,0.0003796994580087597
2025-01-11 21:41:07.889776,1.463650131099782,1.463650131099782,0.005267499096619068
2025-01-12 21:41:07.889776,1.4811145481189574,1.4811145481189574,0.011932098148382381
2025-01-13 21:41:07.889776,1.4969573455716179,1.4969573455716179,0.010696537599189156
2025-01-14 21:41:07.889776,1.4567143951254358,1.4567143951254358,-0.026883164416962858
2025-01-15 21:41:07.889776,1.459632676493061,1.459632676493061,0.0020033311796674364
2025-01-16 21:41:07.889776,1.4748789588783753,1.4748789588783753,0.010445287112881936
2025-01-17 21:41:07.889776,1.4535367378399364,1.4535367378399364,-0.014470489873060035
2025-01-18 21:41:07.889776,1.441917918676653,1.441917918676653,-0.007993481596171944
2025-01-19 21:41:07.889776,1.4871550846625758,1.4871550846625758,0.03137291339540326
2025-01-20 21:41:07.889776,1.423677738528852,1.423677738528852,-0.04268374346991957
2025-01-21 21:41:07.889776,1.492509407829046,1.492509407829046,0.04834778787179799
2025-01-22 21:41:07.889776,1.5335407409562538,1.5335407409562538,0.027491507197191244
2025-01-23 21:41:07.889776,1.5243362600518782,1.5243362600518782,-0.006002110448422846
2025-01-24 21:41:07.889776,1.579935406518099,1.579935406518099,0.036474331762159
2025-01-25 21:41:07.889776,1.547581941084287,1.547581941084287,-0.020477714025735637
2025-01-26 21:41:07.889776,1.5665563549448196,1.5665563549448196,0.012260684463168688
2025-01-27 21:41:07.889776,1.5197162547750107,1.5197162547750107,-0.029900041592476754
2025-01-28 21:41:07.889776,1.5734794736882374,1.5734794736882374,0.03537714276879018
2025-01-29 21:41:07.889776,1.5525070230849165,1.5525070230849165,-0.013328709369281714
2025-01-30 21:41:07.889776,1.5833130942659377,1.5833130942659377,0.019842790224425418
2025-01-31 21:41:07.889776,1.591999551011605,1.591999551011605,0.005486253336201019
2025-02-01 21:41:07.889776,1.5803118857597058,1.5803118857597058,-0.007341500344313808
2025-02-02 21:41:07.889776,1.5628208123019298,1.5628208123019298,-0.011068114854662057
2025-02-03 21:41:07.889776,1.651416508346774,1.651416508346774,0.0566896059659896
2025-02-04 21:41:07.889776,1.628509090571286,1.628509090571286,-0.013871375064804525
2025-02-05 21:41:07.889776,1.649082803849688,1.649082803849688,0.012633465417859443
2025-02-06 21:41:07.889776,1.67536751946468,1.67536751946468,0.015938990785442527
2025-02-07 21:41:07.889776,1.7194491035634933,1.7194491035634933,0.026311590493826975
2025-02-08 21:41:07.889776,1.763059119739182,1.763059119739182,0.02536278397848974
2025-02-09 21:41:07.889776,1.7220108601228983,1.7220108601228983,-0.023282406787559256
2025-02-10 21:41:07.889776,1.7234471304987435,1.7234471304987435,0.0008340658059164365
2025-02-11 21:41:07.889776,1.750831121757885,1.750831121757885,0.015889081118036268
2025-02-12 21:41:07.889776,1.7646276091975743,1.7646276091975743,0.00787996470261355
2025-02-13 21:41:07.889776,1.7397686631302092,1.7397686631302092,-0.014087360946749112
2025-02-14 21:41:07.889776,1.72384973102228,1.72384973102228,-0.009150028072863239
2025-02-15 21:41:07.889776,1.723633617720676,1.723633617720676,-0.0001253666707224724
2025-02-16 21:41:07.889776,1.6825657196165813,1.6825657196165813,-0.023826350148822572
2025-02-17 21:41:07.889776,1.683007381363515,1.683007381363515,0.0002624930139633731
2025-02-18 21:41:07.889776,1.7066812213765588,1.7066812213765588,0.014066391077776564
2025-02-19 21:41:07.889776,1.7289434555347292,1.7289434555347292,0.01304416658443945
2025-02-20 21:41:07.889776,1.750234565924522,1.750234565924522,0.012314520941465883
2025-02-21 21:41:07.889776,1.7176747488896815,1.7176747488896815,-0.018603116215820743
2025-02-22 21:41:07.889776,1.657751587228039,1.657751587228039,-0.03488620980216264
2025-02-23 21:41:07.889776,1.671967989388439,1.671967989388439,0.008575713194864991
2025-02-24 21:41:07.889776,1.6472527102440677,1.6472527102440677,-0.014782148522718669
2025-02-25 21:41:07.889776,1.6630779372906959,1.6630779372906959,0.009607042652419358
2025-02-26 21:41:07.889776,1.7225372772275642,1.7225372772275642,0.03575258777933943
2025-02-27 21:41:07.889776,1.7316338568785503,1.7316338568785503,0.005280918892871277
2025-02-28 21:41:07.889776,1.7248169223466776,1.7248169223466776,-0.003936706657007123
2025-03-01 21:41:07.889776,1.6984427205286563,1.6984427205286563,-0.015291015223887193
2025-03-02 21:41:07.889776,1.6647463076920808,1.6647463076920808,-0.019839593310563463
2025-03-03 21:41:07.889776,1.7134390559115493,1.7134390559115493,0.02924935048330199
2025-03-04 21:41:07.889776,1.6231820894116074,1.6231820894116074,-0.05267591291825975
2025-03-05 21:41:07.889776,1.61794792337312,1.61794792337312,-0.0032246326968681095
2025-03-06 21:41:07.889776,1.6618774947210713,1.6618774947210713,0.027151412423934082
2025-03-07 21:41:07.889776,1.6263145502610226,1.6263145502610226,-0.02139925751026406
2025-03-08 21:41:07.889776,1.6254094951686033,1.6254094951686033,-0.0005565067915514659
2025-03-09 21:41:07.889776,1.6170976060471483,1.6170976060471483,-0.005113720047878086
2025-03-10 21:41:07.889776,1.6389178108629325,1.6389178108629325,0.013493437090122122
2025-03-11 21:41:07.889776,1.6925388232362304,1.6925388232362304,0.032717328482179966
2025-03-12 21:41:07.889776,1.6778186802466224,1.6778186802466224,-0.0086970784879618
2025-03-13 21:41:07.889776,1.6421347918062037,1.6421347918062037,-0.02126802428685174
2025-03-14 21:41:07.889776,1.6201179254433125,1.6201179254433125,-0.013407465984369423
2025-03-15 21:41:07.889776,1.6912747489306608,1.6912747489306608,0.04392076796994743
2025-03-16 21:41:07.889776,1.7662242794252059,1.7662242794252059,0.04431540797373893
2025-03-17 21:41:07.889776,1.7842199876960547,1.7842199876960547,0.010188801320693715
2025-03-18 21:41:07.889776,1.8099439766723222,1.8099439766723222,0.014417498488784791
2025-03-19 21:41:07.889776,1.7864613537774618,1.7864613537774618,-0.012974226383533929
2025-03-20 21:41:07.889776,1.8278822664035421,1.8278822664035421,0.023186011014733682
2025-03-21 21:41:07.889776,1.8193708875467338,1.8193708875467338,-0.0046564152479879935
2025-03-22 21:41:07.889776,1.7870460051031725,1.7870460051031725,-0.017767065893391696
2025-03-23 21:41:07.889776,1.7984538549711295,1.7984538549711295,0.0063836352479904115
2025-03-24 21:41:07.889776,1.788075033507494,1.788075033507494,-0.005770969010379289
2025-03-25 21:41:07.889776,1.7980895696747305,1.7980895696747305,0.005600735975599429
2025-03-26 21:41:07.889776,1.798463183583787,1.798463183583787,0.0002077838141978777
2025-03-27 21:41:07.889776,1.813933904625701,1.813933904625701,0.008602189459939699
2025-03-28 21:41:07.889776,1.8206024798876426,1.8206024798876426,0.0036763055395436645
2025-03-29 21:41:07.889776,1.897334523204351,1.897334523204351,0.04214651147868586
2025-03-30 21:41:07.889776,1.9302694896626693,1.9302694896626693,0.0173585448720426
2025-03-31 21:41:07.889776,1.9178940632733186,1.9178940632733186,-0.006411242811237435
2025-04-01 21:41:07.889776,1.9420843521324611,1.9420843521324611,0.012612943187204177
2025-04-02 21:41:07.889776,1.9189592382182947,1.9189592382182947,-0.011907368435760467
2025-04-03 21:41:07.889776,1.920449118665753,1.920449118665753,0.0007764002579031661
2025-04-04 21:41:07.889776,1.8797079317388916,1.8797079317388916,-0.021214405802725312
2025-04-05 21:41:07.889776,1.83906954176721,1.83906954176721,-0.021619523589543808
2025-04-06 21:41:07.889776,1.8465845591274364,1.8465845591274364,0.004086314948702228
2025-04-07 21:41:07.889776,1.7910097674990078,1.7910097674990078,-0.03009599065135109
2025-04-08 21:41:07.889776,1.7981577189468683,1.7981577189468683,0.003991017568732758
2025-04-09 21:41:07.889776,1.7847606111105823,1.7847606111105823,-0.007450463157443343
2025-04-10 21:41:07.889776,1.7882818856593525,1.7882818856593525,0.0019729674259110455
2025-04-11 21:41:07.889776,1.8181093688616947,1.8181093688616947,0.016679408006945493
2025-04-12 21:41:07.889776,1.8600834496879626,1.8600834496879626,0.023086664391673825
2025-04-13 21:41:07.889776,1.8786046123541185,1.8786046123541185,0.00995716760410018
2025-04-14 21:41:07.889776,1.8444659409968,1.8444659409968,-0.01817235576491986
2025-04-15 21:41:07.889776,1.8720730960393646,1.8720730960393646,0.01496756021834962
2025-04-16 21:41:07.889776,1.9342474859202088,1.9342474859202088,0.03321151829615144
2025-04-17 21:41:07.889776,1.949566582804871,1.949566582804871,0.00791992596406254
2025-04-18 21:41:07.889776,1.8706205898764137,1.8706205898764137,-0.04049412501463606
2025-04-19 21:41:07.889776,1.820816334991883,1.820816334991883,-0.02662445562401363
2025-04-20 21:41:07.889776,1.8359278001139037,1.8359278001139037,0.008299280290720886
2025-04-21 21:41:07.889776,1.8254178603306823,1.8254178603306823,-0.0057245931907394685
2025-04-22 21:41:07.889776,1.9189640056941053,1.9189640056941053,0.051246428226837164
2025-04-23 21:41:07.889776,1.9003609736954223,1.9003609736954223,-0.009694310025348334
2025-04-24 21:41:07.889776,1.8924885398823519,1.8924885398823519,-0.004142599180913404
2025-04-25 21:41:07.889776,1.917268261202366,1.917268261202366,0.013093723316049513
2025-04-26 21:41:07.889776,1.8182497099994175,1.8182497099994175,-0.05164564250432618
2025-04-27 21:41:07.889776,1.8553096664793722,1.8553096664793722,0.02038221498188311
2025-04-28 21:41:07.889776,1.846758649469608,1.846758649469608,-0.00460894327467749
2025-04-29 21:41:07.889776,1.7910329805936696,1.7910329805936696,-0.030174851972098758
2025-04-30 21:41:07.889776,1.7763649993207227,1.7763649993207227,-0.008189676813257187
2025-05-01 21:41:07.889776,1.8236139727057725,1.8236139727057725,0.026598685181884206
2025-05-02 21:41:07.889776,1.8367232931303623,1.8367232931303623,0.007188648815373431
2025-05-03 21:41:07.889776,1.7277690124910818,1.7277690124910818,-0.059319920995604965
2025-05-04 21:41:07.889776,1.7465436066839588,1.7465436066839588,0.010866379740083386
2025-05-05 21:41:07.889776,1.7362035584471007,1.7362035584471007,-0.005920292054138867
2025-05-06 21:41:07.889776,1.7459224044988981,1.7459224044988981,0.005597757247134176
2025-05-07 21:41:07.889776,1.698410980067399,1.698410980067399,-0.027212792681433926
2025-05-08 21:41:07.889776,1.7372675384797682,1.7372675384797682,0.022878183707236318
2025-05-09 21:41:07.889776,1.7764760308007659,1.7764760308007659,0.022569058278328193
2025-05-10 21:41:07.889776,1.7836999147445889,1.7836999147445889,0.00406641227833891
2025-05-11 21:41:07.889776,1.7858263388631497,1.7858263388631497,0.0011921422998247295
2025-05-12 21:41:07.889776,1.8320137629927828,1.8320137629927828,0.025863334594468972
2025-05-13 21:41:07.889776,1.8533971025447076,1.8533971025447076,0.011672040889579805
2025-05-14 21:41:07.889776,1.8445756111332063,1.8445756111332063,-0.00475963375543717
2025-05-15 21:41:07.889776,1.8389964874848896,1.8389964874848896,-0.0030246109807822888
2025-05-16 21:41:07.889776,1.85983998709324,1.85983998709324,0.011334170429469988
2025-05-17 21:41:07.889776,1.9370242023854973,1.9370242023854973,0.04150046016210736
2025-05-18 21:41:07.889776,1.9190463198364773,1.9190463198364773,-0.009281186330495898
2025-05-19 21:41:07.889776,1.9026637562550885,1.9026637562550885,-0.008536825511738951
2025-05-20 21:41:07.889776,1.938267220783308,1.938267220783308,0.018712431143533156
2025-05-21 21:41:07.889776,1.917818103549987,1.917818103549987,-0.010550205365933459
2025-05-22 21:41:07.889776,1.8807089847483236,1.8807089847483236,-0.019349655075719865
2025-05-23 21:41:07.889776,1.8390460948462293,1.8390460948462293,-0.022152757412210507
2025-05-24 21:41:07.889776,1.899647537930226,1.899647537930226,0.032952650427755525
2025-05-25 21:41:07.889776,1.8658522311394554,1.8658522311394554,-0.01779030378845567
2025-05-26 21:41:07.889776,1.858260681996632,1.858260681996632,-0.004068676509386418
2025-05-27 21:41:07.889776,1.7992843198377502,1.7992843198377502,-0.0317373997794077
2025-05-28 21:41:07.889776,1.7979629132855772,1.7979629132855772,-0.0007344067513977451
2025-05-29 21:41:07.889776,1.7838103024757588,1.7838103024757588,-0.007871469820229007
2025-05-30 21:41:07.889776,1.7788369931876624,1.7788369931876624,-0.0027880258798785285
2025-05-31 21:41:07.889776,1.7640010974233156,1.7640010974233156,-0.008340222190770295
2025-06-01 21:41:07.889776,1.7670712089246718,1.7670712089246718,0.0017404249384202776
2025-06-02 21:41:07.889776,1.7617075925692538,1.7617075925692538,-0.0030353142127656544
2025-06-03 21:41:07.889776,1.7554429769519668,1.7554429769519668,-0.0035559905876041157
2025-06-04 21:41:07.889776,1.7302636215745462,1.7302636215745462,-0.014343590596796487
2025-06-05 21:41:07.889776,1.7062330481003567,1.7062330481003567,-0.013888388552214694
2025-06-06 21:41:07.889776,1.739834770287929,1.739834770287929,0.019693512691588675
2025-06-07 21:41:07.889776,1.736642831393379,1.736642831393379,-0.0018346218555120664
2025-06-08 21:41:07.889776,1.7837771569347587,1.7837771569347587,0.02714105899574172
2025-06-09 21:41:07.889776,1.7688088054459963,1.7688088054459963,-0.008391379736291732
2025-06-10 21:41:07.889776,1.7485213661581531,1.7485213661581531,-0.011469549012521894
2025-06-11 21:41:07.889776,1.79100987373836,1.79100987373836,0.0242996788043617
2025-06-12 21:41:07.889776,1.7870384332994436,1.7870384332994436,-0.0022174307898296737
2025-06-13 21:41:07.889776,1.777267792165314,1.777267792165314,-0.005467504756509292
2025-06-14 21:41:07.889776,1.765313453059972,1.765313453059972,-0.006726245283935302
2025-06-15 21:41:07.889776,1.8212674911569497,1.8212674911569497,0.031696375507696856
2025-06-16 21:41:07.889776,1.8251706748135008,1.8251706748135008,0.0021431138893670105
2025-06-17 21:41:07.889776,1.8529886599492902,1.8529886599492902,0.015241306207504052
2025-06-18 21:41:07.889776,1.8994584709618672,1.8994584709618672,0.02507830296913349
2025-06-19 21:41:07.889776,1.9194369891260432,1.9194369891260432,0.010518007352937354
2025-06-20 21:41:07.889776,1.8767989191435772,1.8767989191435772,-0.022213841988050848
2025-06-21 21:41:07.889776,1.8943757519018025,1.8943757519018025,0.00936532549062101
2025-06-22 21:41:07.889776,1.950497649034203,1.950497649034203,0.029625536051154866
2025-06-23 21:41:07.889776,1.9899753511544829,1.9899753511544829,0.02023981015297683
2025-06-24 21:41:07.889776,2.0021388950208814,2.0021388950208814,0.006112409311674055
2025-06-25 21:41:07.889776,1.9817147078880848,1.9817147078880848,-0.010201183935634782
2025-06-26 21:41:07.889776,2.0238109912029048,2.0238109912029048,0.02124235297202896
2025-06-27 21:41:07.889776,1.9439813799202494,1.9439813799202494,-0.03944519109228007
2025-06-28 21:41:07.889776,1.992429438147758,1.992429438147758,0.024922079361426902
2025-06-29 21:41:07.889776,2.0504257761993148,2.0504257761993148,0.02910835231659315
2025-06-30 21:41:07.889776,2.0134370427200663,2.0134370427200663,-0.01803953788944805
2025-07-01 21:41:07.889776,2.020014949848866,2.020014949848866,0.0032670041273866798
2025-07-02 21:41:07.889776,1.9429627566158976,1.9429627566158976,-0.038144367812096305
2025-07-03 21:41:07.889776,1.9425868345182635,1.9425868345182635,-0.00019347879744683967
2025-07-04 21:41:07.889776,1.918992588147399,1.918992588147399,-0.012145787231547649
2025-07-05 21:41:07.889776,1.8653300490696836,1.8653300490696836,-0.027963911590467072
2025-07-06 21:41:07.889776,1.8779737669408816,1.8779737669408816,0.006778273838189622
2025-07-07 21:41:07.889776,1.947722498627588,1.947722498627588,0.03714041852689104
2025-07-08 21:41:07.889776,1.9905081571182406,1.9905081571182406,0.021967019696491837
2025-07-09 21:41:07.889776,1.9746570065382572,1.9746570065382572,-0.00796336881278193
2025-07-10 21:41:07.889776,2.040221166839424,2.040221166839424,0.03320280944188193
2025-07-11 21:41:07.889776,2.083973454322432,2.083973454322432,0.021444874797954497
2025-07-12 21:41:07.889776,2.179819867878497,2.179819867878497,0.04599214704835462
2025-07-13 21:41:07.889776,2.168935393925558,2.168935393925558,-0.004993290552733742
2025-07-14 21:41:07.889776,2.217179078364405,2.217179078364405,0.02224302511451524
2025-07-15 21:41:07.889776,2.3129055958572056,2.3129055958572056,0.043174914659314424
2025-07-16 21:41:07.889776,2.2189146576831176,2.2189146576831176,-0.040637602478216676
2025-07-17 21:41:07.889776,2.2582373307408403,2.2582373307408403,0.017721579746911745
2025-07-18 21:41:07.889776,2.2068753220888855,2.2068753220888855,-0.02274429173266078
2025-07-19 21:41:07.889776,2.178851788809342,2.178851788809342,-0.012698285670718389
2025-07-20 21:41:07.889776,2.1847600239300937,2.1847600239300937,0.002711627817502989
2025-07-21 21:41:07.889776,2.203286080874504,2.203286080874504,0.008479675910164356
2025-07-22 21:41:07.889776,2.2894239043248295,2.2894239043248295,0.03909516072290383
2025-07-23 21:41:07.889776,2.3018204229009176,2.3018204229009176,0.0054146890633362125
2025-07-24 21:41:07.889776,2.3044182973210035,2.3044182973210035,0.001128617330109457
2025-07-25 21:41:07.889776,2.274160344201543,2.274160344201543,-0.013130408292034811
2025-07-26 21:41:07.889776,2.2234040793910728,2.2234040793910728,-0.022318683438432196
2025-07-27 21:41:07.889776,2.169179791651945,2.169179791651945,-0.024387959094677104
2025-07-28 21:41:07.889776,2.2122593847640064,2.2122593847640064,0.019859853608194433
2025-07-29 21:41:07.889776,2.172440361525222,2.172440361525222,-0.017999256105780737
2025-07-30 21:41:07.889776,2.252370756244702,2.252370756244702,0.036792906325567656
2025-07-31 21:41:07.889776,2.286386835599285,2.286386835599285,0.015102344611904382
2025-08-01 21:41:07.889776,2.353457837468234,2.353457837468234,0.029334931790476693
2025-08-02 21:41:07.889776,2.3470271597506427,2.3470271597506427,-0.0027324380387069983
2025-08-03 21:41:07.889776,2.4273868166120915,2.4273868166120915,0.03423891220329405
2025-08-04 21:41:07.889776,2.4115574146787524,2.4115574146787524,-0.006521169936743858
2025-08-05 21:41:07.889776,2.41409999375268,2.41409999375268,0.0010543307235611561
2025-08-06 21:41:07.889776,2.339393435941717,2.339393435941717,-0.030945925191289605
2025-08-07 21:41:07.889776,2.2708817397243246,2.2708817397243246,-0.02928609406387129
2025-08-08 21:41:07.889776,2.2413663765953222,2.2413663765953222,-0.01299731404444928
2025-08-09 21:41:07.889776,2.26468926977786,2.26468926977786,0.01040565854207444
2025-08-10 21:41:07.889776,2.285429609121064,2.285429609121064,0.009158139096600468
2025-08-11 21:41:07.889776,2.3259728682422214,2.3259728682422214,0.017739885297429765
2025-08-12 21:41:07.889776,2.3416761435005897,2.3416761435005897,0.006751271896922677
2025-08-13 21:41:07.889776,2.2600209449871977,2.2600209449871977,-0.034870406285697986
2025-08-14 21:41:07.889776,2.235366452845496,2.235366452845496,-0.010908966218382206
2025-08-15 21:41:07.889776,2.215400936350023,2.215400936350023,-0.00893165255748474
2025-08-16 21:41:07.889776,2.240061911168064,2.240061911168064,0.011131608014335758
2025-08-17 21:41:07.889776,2.282055381671721,2.282055381671721,0.018746566911518932
2025-08-18 21:41:07.889776,2.247146100121623,2.247146100121623,-0.015297298142048327
2025-08-19 21:41:07.889776,2.1754918842777924,2.1754918842777924,-0.03188676332168715
2025-08-20 21:41:07.889776,2.1991520743645316,2.1991520743645316,0.010875788715982193
2025-08-21 21:41:07.889776,2.267359224078685,2.267359224078685,0.031015203772964354
2025-08-22 21:41:07.889776,2.338339618225663,2.338339618225663,0.03130531474377214
2025-08-23 21:41:07.889776,2.3227918709217583,2.3227918709217583,-0.006649054390013029
2025-08-24 21:41:07.889776,2.314813966352144,2.314813966352144,-0.003434618774711114
2025-08-25 21:41:07.889776,2.285499020974389,2.285499020974389,-0.012664061045022854
2025-08-26 21:41:07.889776,2.349972936296514,2.349972936296514,0.02820999472344436
2025-08-27 21:41:07.889776,2.3437639347024053,2.3437639347024053,-0.0026421587662595514
2025-08-28 21:41:07.889776,2.3818533598133804,2.3818533598133804,0.01625139142514003
2025-08-29 21:41:07.889776,2.3854694583750646,2.3854694583750646,0.0015181868971008083
2025-08-30 21:41:07.889776,2.435655219856939,2.435655219856939,0.021038106904147886
2025-08-31 21:41:07.889776,2.5269600669488526,2.5269600669488526,0.037486770027030526
2025-09-01 21:41:07.889776,2.5199578808421577,2.5199578808421577,-0.0027709919908428158
2025-09-02 21:41:07.889776,2.536199180840226,2.536199180840226,0.006445068039248655
2025-09-03 21:41:07.889776,2.5365880319042864,2.5365880319042864,0.00015332039652001846
2025-09-04 21:41:07.889776,2.5293289962401193,2.5293289962401193,-0.002861732205965476
2025-09-05 21:41:07.889776,2.492708611421753,2.492708611421753,-0.01447830032107442
2025-09-06 21:41:07.889776,2.426079069571569,2.426079069571569,-0.02672977561231313
2025-09-07 21:41:07.889776,2.294476141823038,2.294476141823038,-0.05424511072170915
2025-09-08 21:41:07.889776,2.2962104024511736,2.2962104024511736,0.0007558416479142346
2025-09-09 21:41:07.889776,2.2904232362794468,2.2904232362794468,-0.0025203117996282433
2025-09-10 21:41:07.889776,2.3318785542734255,2.3318785542734255,0.018099413827690012
2025-09-11 21:41:07.889776,2.317922263058598,2.317922263058598,-0.005984999171269541
2025-09-12 21:41:07.889776,2.2295906129410907,2.2295906129410907,-0.03810811584377713
2025-09-13 21:41:07.889776,2.2638600121980765,2.2638600121980765,0.015370265311523022
2025-09-14 21:41:07.889776,2.382566834858243,2.382566834858243,0.05243558436500197
2025-09-15 21:41:07.889776,2.362167837086866,2.362167837086866,-0.008561773576685795
2025-09-16 21:41:07.889776,2.4050628958415627,2.4050628958415627,0.018159191773433402
2025-09-17 21:41:07.889776,2.465231389547548,2.465231389547548,0.025017430442263625
2025-09-18 21:41:07.889776,2.4082005092676404,2.4082005092676404,-0.023134088151609503
2025-09-19 21:41:07.889776,2.3591727079701217,2.3591727079701217,-0.020358687372102828
2025-09-20 21:41:07.889776,2.388207386886487,2.388207386886487,0.01230714428760374
2025-09-21 21:41:07.889776,2.352722590788997,2.352722590788997,-0.014858339477691523
2025-09-22 21:41:07.889776,2.2815230937655078,2.2815230937655078,-0.030262597597454935
2025-09-23 21:41:07.889776,2.297185543436096,2.297185543436096,0.006864909548094161
2025-09-24 21:41:07.889776,2.4128733140097536,2.4128733140097536,0.050360655848727655
2025-09-25 21:41:07.889776,2.330118033590503,2.330118033590503,-0.03429739967645732
2025-09-26 21:41:07.889776,2.2859350081544982,2.2859350081544982,-0.018961711294909228
2025-09-27 21:41:07.889776,2.310089566475803,2.310089566475803,0.010566598890668223
2025-09-28 21:41:07.889776,2.2787217516343516,2.2787217516343516,-0.013578614135427346
2025-09-29 21:41:07.889776,2.2567256917102982,2.2567256917102982,-0.009652806407046986
2025-09-30 21:41:07.889776,2.244272349029806,2.244272349029806,-0.0055183236164844975
2025-10-01 21:41:07.889776,2.2232930444863324,2.2232930444863324,-0.00934793165924935
2025-10-02 21:41:07.889776,2.210721854954631,2.210721854954631,-0.005654310646487795
2025-10-03 21:41:07.889776,2.1809863549912833,2.1809863549912833,-0.013450583978579213
2025-10-04 21:41:07.889776,2.219352340540685,2.219352340540685,0.01759111672642958
2025-10-05 21:41:07.889776,2.198992625322416,2.198992625322416,-0.009173719218152163
2025-10-06 21:41:07.889776,2.1659494440464395,2.1659494440464395,-0.015026508454584662
2025-10-07 21:41:07.889776,2.175767799054725,2.175767799054725,0.004533049021653447
2025-10-08 21:41:07.889776,2.20968980193952,2.20968980193952,0.015590819433734008
2025-10-09 21:41:07.889776,2.226437465231956,2.226437465231956,0.007579192010451293
2025-10-10 21:41:07.889776,2.2510901368291445,2.2510901368291445,0.011072698866312092
2025-10-11 21:41:07.889776,2.3138988813453465,2.3138988813453465,0.027901479149419383
2025-10-12 21:41:07.889776,2.2100852485400666,2.2100852485400666,-0.04486524179696245
2025-10-13 21:41:07.889776,2.1509372828012454,2.1509372828012454,-0.026762753055744357
2025-10-14 21:41:07.889776,2.105584507776227,2.105584507776227,-0.021085122001304298
2025-10-15 21:41:07.889776,2.046558994070741,2.046558994070741,-0.02803284004393864
2025-10-16 21:41:07.889776,2.0520212192150806,2.0520212192150806,0.0026689800588034687
2025-10-17 21:41:07.889776,2.0544694052995998,2.0544694052995998,0.0011930608034626412
2025-10-18 21:41:07.889776,2.107602497721894,2.107602497721894,0.025862196966883442
2025-10-19 21:41:07.889776,2.1005142896428115,2.1005142896428115,-0.00336316173791976
2025-10-20 21:41:07.889776,2.045479743755236,2.045479743755236,-0.026200510112661092
2025-10-21 21:41:07.889776,2.112974874028467,2.112974874028467,0.032997212746442864
2025-10-22 21:41:07.889776,2.171512700483472,2.171512700483472,0.027703986059900737
2025-10-23 21:41:07.889776,2.1868316233355576,2.1868316233355576,0.007054493786140386
2025-10-24 21:41:07.889776,2.277945207299794,2.277945207299794,0.04166465446720661
2025-10-25 21:41:07.889776,2.4258286347639797,2.4258286347639797,0.06491965960826689
2025-10-26 21:41:07.889776,2.396900125198067,2.396900125198067,-0.011925207391546531
2025-10-27 21:41:07.889776,2.3667987468646565,2.3667987468646565,-0.012558461663446705
2025-10-28 21:41:07.889776,2.4142343483803175,2.4142343483803175,0.020042093388168217
2025-10-29 21:41:07.889776,2.400223039688394,2.400223039688394,-0.005803624118480297
2025-10-30 21:41:07.889776,2.447784669504499,2.447784669504499,0.019815504238422627
2025-10-31 21:41:07.889776,2.4945091113893585,2.4945091113893585,0.019088460871159035
2025-11-01 21:41:07.889776,2.468179249251553,2.468179249251553,-0.010555127667239018
2025-11-02 21:41:07.889776,2.530363554759324,2.530363554759324,0.0251944041449291
2025-11-03 21:41:07.889776,2.5789476373191382,2.5789476373191382,0.019200435632434305
2025-11-04 21:41:07.889776,2.566615324590766,2.566615324590766,-0.004781916681795051
2025-11-05 21:41:07.889776,2.6354329016667357,2.6354329016667357,0.026812579359527678
2025-11-06 21:41:07.889776,2.8195619277459314,2.8195619277459314,0.06986670992941856
2025-11-07 21:41:07.889776,2.872154779725396,2.872154779725396,0.018652845132402996
2025-11-08 21:41:07.889776,2.7881796609828777,2.7881796609828777,-0.029237671777057557
2025-11-09 21:41:07.889776,2.7746708174256685,2.7746708174256685,-0.004845040564009849
2025-11-10 21:41:07.889776,2.7514419263623853,2.7514419263623853,-0.008371764649485478
2025-11-11 21:41:07.889776,2.7083928838660922,2.7083928838660922,-0.015645993500290643
2025-11-12 21:41:07.889776,2.7472346040567035,2.7472346040567035,0.014341242890568633
2025-11-13 21:41:07.889776,2.8686521275236756,2.8686521275236756,0.04419627041959975
2025-11-14 21:41:07.889776,2.8866799520552955,2.8866799520552955,0.0062844233912677855
2025-11-15 21:41:07.889776,2.8273567456234665,2.8273567456234665,-0.02055066977189185
2025-11-16 21:41:07.889776,2.864242594792686,2.864242594792686,0.013046054137425763
2025-11-17 21:41:07.889776,2.7922502850046556,2.7922502850046556,-0.025134850629941637
2025-11-18 21:41:07.889776,2.8506830259196474,2.8506830259196474,0.020926756182565637
2025-11-19 21:41:07.889776,2.868851045376171,2.868851045376171,0.006373216275303907
2025-11-20 21:41:07.889776,2.838515827983247,2.838515827983247,-0.010573995273061127
2025-11-21 21:41:07.889776,2.7929422039593375,2.7929422039593375,-0.016055441218479793
2025-11-22 21:41:07.889776,2.8223685443766633,2.8223685443766633,0.010535964681120289
2025-11-23 21:41:07.889776,2.898925648768395,2.898925648768395,0.027125126711132617
2025-11-24 21:41:07.889776,2.9890714683715967,2.9890714683715967,0.031096285495110846
2025-11-25 21:41:07.889776,3.002379525318303,3.002379525318303,0.004452237789401662
2025-11-26 21:41:07.889776,3.0253036252343533,3.0253036252343533,0.0076353105004671
2025-11-27 21:41:07.889776,3.0153276233704958,3.0153276233704958,-0.0032975208771267423
2025-11-28 21:41:07.889776,2.95599300804362,2.95599300804362,-0.0196776678152646
2025-11-29 21:41:07.889776,2.905449058260139,2.905449058260139,-0.017098805594581816
2025-11-30 21:41:07.889776,2.995590657047604,2.995590657047604,0.03102501437125323
2025-12-01 21:41:07.889776,2.9513139434366797,2.9513139434366797,-0.01478062882415396
2025-12-02 21:41:07.889776,3.053845272355532,3.053845272355532,0.03474090892528319
2025-12-03 21:41:07.889776,3.0163888855573386,3.0163888855573386,-0.012265319116610593
2025-12-04 21:41:07.889776,2.9092902120253594,2.9092902120253594,-0.0355055921485371
2025-12-05 21:41:07.889776,2.873827603598595,2.873827603598595,-0.012189436543725358
2025-12-06 21:41:07.889776,2.8959945612423157,2.8959945612423157,0.00771339158130547
2025-12-07 21:41:07.889776,2.886849291917878,2.886849291917878,-0.0031579027967906428
2025-12-08 21:41:07.889776,2.92212345083133,2.92212345083133,0.012218912505133787
2025-12-09 21:41:07.889776,3.064152032743699,3.064152032743699,0.048604579615540315
2025-12-10 21:41:07.889776,3.0865174946402902,3.0865174946402902,0.007299070560988104
2025-12-11 21:41:07.889776,3.087408448069232,3.087408448069232,0.00028865976962345576
2025-12-12 21:41:07.889776,3.055476452678784,3.055476452678784,-0.010342653370148438
2025-12-13 21:41:07.889776,3.0420452074051867,3.0420452074051867,-0.004395794070617628
2025-12-14 21:41:07.889776,3.15358567506044,3.15358567506044,0.036666275499040175
2025-12-15 21:41:07.889776,3.2361696566734954,3.2361696566734954,0.026187327734951294
2025-12-16 21:41:07.889776,3.355912864034503,3.355912864034503,0.037001523425719704
2025-12-17 21:41:07.889776,3.376401489041545,3.376401489041545,0.006105231523326975
2025-12-18 21:41:07.889776,3.3326699194209355,3.3326699194209355,-0.012952123662587165
2025-12-19 21:41:07.889776,3.3401299974304925,3.3401299974304925,0.002238468912292783
2025-12-20 21:41:07.889776,3.325264098235708,3.325264098235708,-0.004450694795178886
2025-12-21 21:41:07.889776,3.432469958655798,3.432469958655798,0.03223980329170568
2025-12-22 21:41:07.889776,3.492451770220188,3.492451770220188,0.01747482491817049
2025-12-23 21:41:07.889776,3.352583271061149,3.352583271061149,-0.0400487990562059
2025-12-24 21:41:07.889776,3.268924170095365,3.268924170095365,-0.024953623579737242
2025-12-25 21:41:07.889776,3.251368283161618,3.251368283161618,-0.0053705396700086
2025-12-26 21:41:07.889776,3.3766792257464457,3.3766792257464457,0.038540986954260344
2025-12-27 21:41:07.889776,3.3289072622275584,3.3289072622275584,-0.01414761673381247
2025-12-28 21:41:07.889776,3.3437947548749793,3.3437947548749793,0.004472186058273938
2025-12-29 21:41:07.889776,3.3760782077749867,3.3760782077749867,0.009654735193582292
2025-12-30 21:41:07.889776,3.41822500762795,3.41822500762795,0.012483952461735231
2025-12-31 21:41:07.889776,3.466549754647257,3.466549754647257,0.014137380339640505
2026-01-01 21:41:07.889776,3.4264745203087448,3.4264745203087448,-0.011560553626783274
2026-01-02 21:41:07.889776,3.50224214760532,3.50224214760532,0.022112415209131032
2026-01-03 21:41:07.889776,3.455444124167064,3.455444124167064,-0.013362303765961505
2026-01-04 21:41:07.889776,3.527720664960362,3.527720664960362,0.020916715245893315
2026-01-05 21:41:07.889776,3.5027142718589306,3.5027142718589306,-0.0070885411506107
2026-01-06 21:41:07.889776,3.470131784330287,3.470131784330287,-0.009302068338949008
2026-01-07 21:41:07.889776,3.466997518271272,3.466997518271272,-0.0009032124005111538
2026-01-08 21:41:07.889776,3.4062695245529238,3.4062695245529238,-0.017516018802525266
2026-01-09 21:41:07.889776,3.4406115657818104,3.4406115657818104,0.010082009359900564
2026-01-10 21:41:07.889776,3.598042471807041,3.598042471807041,0.045756663609150414
2026-01-11 21:41:07.889776,3.425159338148119,3.425159338148119,-0.04804921982260396
2026-01-12 21:41:07.889776,3.4548383341604274,3.4548383341604274,0.00866499718181135
2026-01-13 21:41:07.889776,3.277978361935304,3.277978361935304,-0.051191967646180114
2026-01-14 21:41:07.889776,3.3097052707805625,3.3097052707805625,0.009678803622891245
2026-01-15 21:41:07.889776,3.1588653356382173,3.1588653356382173,-0.04557503547944954
2026-01-16 21:41:07.889776,3.1130668261668966,3.1130668261668966,-0.014498405156631205
2026-01-17 21:41:07.889776,3.1263061635338523,3.1263061635338523,0.00425282787239657
2026-01-18 21:41:07.889776,3.034533131748743,3.034533131748743,-0.029355100551435597
2026-01-19 21:41:07.889776,3.044532739656235,3.044532739656235,0.0032952706308826524
2026-01-20 21:41:07.889776,3.0894750371179676,3.0894750371179676,0.014761640391098875
2026-01-21 21:41:07.889776,3.1447842359268794,3.1447842359268794,0.01790245855506484
2026-01-22 21:41:07.889776,3.055236924314925,3.055236924314925,-0.028474866602592765
2026-01-23 21:41:07.889776,3.108839266485675,3.108839266485675,0.017544414229927308
2026-01-24 21:41:07.889776,3.0744640159351855,3.0744640159351855,-0.0110572620852632
2026-01-25 21:41:07.889776,3.1121856825887115,3.1121856825887115,0.01226934726118495
2026-01-26 21:41:07.889776,3.1898106365872123,3.1898106365872123,0.02494226306379395
2026-01-27 21:41:07.889776,3.153297233928113,3.153297233928113,-0.011446887235339145
2026-01-28 21:41:07.889776,3.1869142690279744,3.1869142690279744,0.010660915418361613
2026-01-29 21:41:07.889776,3.137052444623192,3.137052444623192,-0.015645800355963222
2026-01-30 21:41:07.889776,3.060164190426792,3.060164190426792,-0.02450971271716679
2026-01-31 21:41:07.889776,3.1405194774210208,3.1405194774210208,0.02625848875874267
2026-02-01 21:41:07.889776,3.0465462562789085,3.0465462562789085,-0.029922827041111877
2026-02-02 21:41:07.889776,3.1265276627910294,3.1265276627910294,0.026253140370765704
2026-02-03 21:41:07.889776,3.19751119979426,3.19751119979426,0.022703633122460154
2026-02-04 21:41:07.889776,3.1114257870196456,3.1114257870196456,-0.026922630569723507
2026-02-05 21:41:07.889776,3.0794571911139164,3.0794571911139164,-0.010274580881567835
2026-02-06 21:41:07.889776,3.077722541045889,3.077722541045889,-0.0005632973476730956
2026-02-07 21:41:07.889776,2.9923276958177234,2.9923276958177234,-0.027746115541378947
2026-02-08 21:41:07.889776,2.994443057643757,2.994443057643757,0.0007069285322560149
2026-02-09 21:41:07.889776,2.9583453525936223,2.9583453525936223,-0.012054897807453654
2026-02-10 21:41:07.889776,2.9416722806236293,2.9416722806236293,-0.005635945091865459
2026-02-11 21:41:07.889776,2.857978290794625,2.857978290794625,-0.028451160375778283
2026-02-12 21:41:07.889776,2.790697808560021,2.790697808560021,-0.02354128526843972
2026-02-13 21:41:07.889776,2.777187688757125,2.777187688757125,-0.004841126030004251
2026-02-14 21:41:07.889776,2.8039497616296254,2.8039497616296254,0.009636393312861414
2026-02-15 21:41:07.889776,2.854877853951984,2.854877853951984,0.01816298316727317
2026-02-16 21:41:07.889776,2.7353908998970833,2.7353908998970833,-0.041853613417994685
2026-02-17 21:41:07.889776,2.715686251036973,2.715686251036973,-0.007203595237833044
2026-02-18 21:41:07.889776,2.8406820451169583,2.8406820451169583,0.046027332513929556
2026-02-19 21:41:07.889776,2.8588964542027546,2.8588964542027546,0.006411984444759064
2026-02-20 21:41:07.889776,2.7692942160478013,2.7692942160478013,-0.031341547198476684
2026-02-21 21:41:07.889776,2.727434992754571,2.727434992754571,-0.015115484317505857
2026-02-22 21:41:07.889776,2.7458334911520175,2.7458334911520175,0.006745714726958455
2026-02-23 21:41:07.889776,2.801514181051112,2.801514181051112,0.020278247052676737
2026-02-24 21:41:07.889776,2.876178492016987,2.876178492016987,0.0266514128219981
2026-02-25 21:41:07.889776,2.995408071660911,2.995408071660911,0.041454165648916755
2026-02-26 21:41:07.889776,3.025925490223562,3.025925490223562,0.010188067145632635
2026-02-27 21:41:07.889776,3.079258265278253,3.079258265278253,0.017625277035737737
2026-02-28 21:41:07.889776,3.1989190611665417,3.1989190611665417,0.03886026620033306
